index;key;origin;dest;cargo_name;message_type;in_rzd;rzd_routes_count
1;86490_98470;86490;98470;КОНЦЕНТР УГОЛЬН;Экспорт (Восток);True;9
2;86300_7640;86300;7640;УГОЛЬ Д;Экспорт (Северо-Запад);True;106
3;88760_97950;88760;97950;УГОЛЬ Д;Экспорт (Восток);True;10
4;89310_98830;89310;98830;УГ БУР НЕПОДМОС;Внутр. перевозки (Восток);True;9
5;89310_85200;89310;85200;УГ БУР НЕПОДМОС;Внутр. перевозки (Юг);True;2
6;86300_96770;86300;96770;УГОЛЬ Д;Внутр. перевозки (Восток);True;5
7;88760_20280;88760;20280;УГОЛЬ Д;Экспорт (Северо-Запад);True;10
8;87180_81760;87180;81760;УГОЛЬ К;Внутр. перевозки (Юг);True;1
10;88760_52520;88760;52520;УГОЛЬ Д;Экспорт (Юг);True;14
11;86300_51090;86300;51090;УГОЛЬ Г;Внутр. перевозки (Юг);True;1
12;86300_86420;86300;86420;УГОЛЬ Д;Внутр. перевозки (Юг);True;15
13;86000_97950;86000;97950;УГОЛЬ Т;Экспорт (Восток);True;7
15;86300_98930;86300;98930;УГОЛЬ Г;Экспорт (Восток);True;26
16;86480_51090;86480;51090;КОНЦЕНТР УГОЛЬН;Внутр. перевозки (Юг);True;1
17;86490_30250;86490;30250;КОНЦЕНТР УГОЛЬН;Внутр. перевозки (Северо-Запад);True;8
18;86300_52520;86300;52520;УГОЛЬ Г;Экспорт (Юг);True;42
19;88760_7640;88760;7640;УГОЛЬ Д;Экспорт (Северо-Запад);True;27
20;89310_88780;89310;88780;УГ БУР НЕПОДМОС;Внутр. перевозки (Восток);True;14
21;86500_86420;86500;86420;УГОЛЬ Ж;Внутр. перевозки (Юг);True;2
22;86300_53260;86300;53260;УГОЛЬ Г;Экспорт (Юг);True;10
23;88900_96280;88900;96280;УГ БУР НЕПОДМОС;Внутр. перевозки (Восток);True;3
24;88900_95470;88900;95470;УГ БУР НЕПОДМОС;Внутр. перевозки (Восток);True;8
26;86300_7640;86300;7640;УГОЛЬ Г;Экспорт (Северо-Запад);True;106
27;86300_52520;86300;52520;УГОЛЬ Д;Экспорт (Юг);True;42
28;87180_19330;87180;19330;УГОЛЬ К;Внутр. перевозки (Северо-Запад);True;1
29;86430_88380;86430;88380;УГОЛЬ Т;Внутр. перевозки (Восток);True;3
31;86490_81760;86490;81760;КОНЦЕНТР УГОЛЬН;Внутр. перевозки (Юг);True;1
32;85270_7640;85270;7640;АНТРАЦИТ;Экспорт (Северо-Запад);True;26
33;86430_98610;86430;98610;УГОЛЬ Т;Экспорт (Восток);True;17
34;86460_80120;86460;80120;КОНЦЕНТР УГОЛЬН;Внутр. перевозки (Юг);True;1
35;86220_21270;86220;21270;УГОЛЬ Д;Внутр. перевозки (Северо-Запад);True;6
36;88930_92460;88930;92460;УГ БУР НЕПОДМОС;Внутр. перевозки (Восток);True;2
37;94610_94700;94610;94700;УГ БУР НЕПОДМОС;Экспорт (Восток);True;7
38;85270_52520;85270;52520;АНТРАЦИТ;Экспорт (Юг);True;3
39;86410_19330;86410;19330;КОНЦЕНТР УГОЛЬН;Внутр. перевозки (Северо-Запад);True;3
41;86480_81760;86480;81760;КОНЦЕНТР УГОЛЬН;Внутр. перевозки (Юг);True;2
42;86470_97950;86470;97950;УГОЛЬ Т;Экспорт (Восток);True;3
43;86460_98780;86460;98780;КОНЦЕНТР УГОЛЬН;Экспорт (Восток);True;4
44;88760_52530;88760;52530;УГОЛЬ Д;Внутр. перевозки (Юг);True;13
45;88760_83360;88760;83360;УГОЛЬ Д;Внутр. перевозки (Юг);True;5
46;86490_97040;86490;97040;ПРОМПРОДУКТ УГ;Внутр. перевозки (Восток);True;5
48;88850_7640;88850;7640;УГОЛЬ Г;Экспорт (Северо-Запад);True;10
49;86370_96710;86370;96710;КОНЦЕНТР УГОЛЬН;Экспорт (Восток);True;10
50;88760_29090;88760;29090;УГОЛЬ Д;Внутр. перевозки (Северо-Запад);True;11
51;86260_30250;86260;30250;УГОЛЬ К;Внутр. перевозки (Северо-Запад);True;6
52;86000_98470;86000;98470;АНТРАЦИТ;Экспорт (Восток);True;27
53;86460_19330;86460;19330;КОНЦЕНТР УГОЛЬН;Внутр. перевозки (Северо-Запад);True;2
54;86480_96780;86480;96780;АНТРАЦИТ;Экспорт (Восток);True;5
55;86390_7640;86390;7640;УГОЛЬ СС;Экспорт (Северо-Запад);True;1
56;88850_52520;88850;52520;УГОЛЬ Г;Экспорт (Юг);True;4
57;87180_7640;87180;7640;УГОЛЬ СС;Экспорт (Северо-Запад);True;2
58;88760_10250;88760;10250;УГОЛЬ Д;Внутр. перевозки (Северо-Запад);True;6
59;86300_52100;86300;52100;УГОЛЬ Г;Экспорт (Юг);True;9
61;86390_59220;86390;59220;УГОЛЬ СС;Внутр. перевозки (Юг);True;5
62;88760_84320;88760;84320;УГОЛЬ Д;Внутр. перевозки (Юг);True;23
63;88760_96900;88760;96900;УГОЛЬ Д;Внутр. перевозки (Восток);True;6
64;88900_22790;88900;22790;УГ БУР НЕПОДМОС;Внутр. перевозки (Северо-Запад);True;6
65;86230_26460;86230;26460;УГОЛЬ Д;Внутр. перевозки (Юг);True;2
66;86230_26580;86230;26580;УГОЛЬ Д;Внутр. перевозки (Юг);True;1
67;86220_83030;86220;83030;УГОЛЬ Д;Внутр. перевозки (Юг);True;15
68;86290_52520;86290;52520;УГОЛЬ Т;Экспорт (Юг);True;3
69;86380_59220;86380;59220;КОНЦЕНТР УГОЛЬН;Внутр. перевозки (Юг);True;2
70;86480_80120;86480;80120;АНТРАЦИТ;Внутр. перевозки (Юг);True;3
71;85270_52100;85270;52100;АНТРАЦИТ;Экспорт (Юг);True;2
72;86480_20280;86480;20280;УГОЛЬ Т;Экспорт (Северо-Запад);True;12
73;86470_97040;86470;97040;УГОЛЬ Т;Внутр. перевозки (Восток);True;16
74;88760_98610;88760;98610;УГОЛЬ Д;Экспорт (Восток);True;31
75;86480_30250;86480;30250;КОНЦЕНТР УГОЛЬН;Внутр. перевозки (Северо-Запад);True;6
76;85270_7640;85270;7640;АНТРАЦИТ;Экспорт (Северо-Запад);True;26
77;87190_96710;87190;96710;КОНЦЕНТР УГОЛЬН;Экспорт (Восток);True;5
78;87170_87590;87170;87590;УГОЛЬ КАМЕН ПР;Внутр. перевозки (Юг);True;8
79;86220_83030;86220;83030;УГОЛЬ Д;Внутр. перевозки (Юг);True;15
80;86300_25890;86300;25890;УГОЛЬ Д;Внутр. перевозки (Юг);True;6
81;92200_93280;92200;93280;УГ БУР НЕПОДМОС;Внутр. перевозки (Восток);True;14
82;86480_80120;86480;80120;АНТРАЦИТ;Внутр. перевозки (Юг);True;3
83;88800_94700;88800;94700;УГОЛЬ Д;Экспорт (Восток);True;36
85;86220_10250;86220;10250;УГОЛЬ Д;Внутр. перевозки (Северо-Запад);True;15
86;88760_84320;88760;84320;УГОЛЬ Д;Внутр. перевозки (Юг);True;23
87;88760_1850;88760;1850;УГОЛЬ Д;Экспорт (Северо-Запад);True;15
88;86560_7640;86560;7640;УГОЛЬ Т;Экспорт (Северо-Запад);True;12
89;86300_7640;86300;7640;УГОЛЬ Г;Экспорт (Северо-Запад);True;106
90;86210_98610;86210;98610;УГОЛЬ Д;Экспорт (Восток);True;5
91;86300_53310;86300;53310;УГОЛЬ Д;Экспорт (Юг);True;13
92;93140_98930;93140;98930;УГОЛЬ Д;Экспорт (Восток);True;13
93;93140_97950;93140;97950;УГОЛЬ Д;Экспорт (Восток);True;11
94;86490_52520;86490;52520;КОНЦЕНТР УГОЛЬН;Экспорт (Юг);True;7
95;86430_30360;86430;30360;УГОЛЬ Т;Внутр. перевозки (Северо-Запад);True;1
96;87180_52520;87180;52520;УГОЛЬ СС;Экспорт (Юг);True;5
97;86260_59220;86260;59220;УГОЛЬ К;Внутр. перевозки (Юг);True;7
98;87250_96780;87250;96780;КОНЦЕНТР УГОЛЬН;Экспорт (Восток);True;10
99;87250_96780;87250;96780;КОНЦЕНТР УГОЛЬН;Экспорт (Восток);True;10
100;87190_7640;87190;7640;УГОЛЬ КАМЕН ПР;Экспорт (Северо-Запад);True;13
101;88760_97950;88760;97950;УГОЛЬ Д;Экспорт (Восток);True;10
103;86300_87590;86300;87590;УГОЛЬ Д;Внутр. перевозки (Юг);True;15
104;86300_83030;86300;83030;УГОЛЬ Д;Внутр. перевозки (Юг);True;3
105;88760_52520;88760;52520;УГОЛЬ Д;Экспорт (Юг);True;14
106;88760_52520;88760;52520;УГОЛЬ Д;Экспорт (Юг);True;14
107;86230_92450;86230;92450;УГОЛЬ Д;Внутр. перевозки (Восток);True;4
108;86480_96780;86480;96780;АНТРАЦИТ;Экспорт (Восток);True;5
110;88760_91400;88760;91400;УГОЛЬ Д;Внутр. перевозки (Восток);True;16
112;86370_30250;86370;30250;КОНЦЕНТР УГОЛЬН;Внутр. перевозки (Северо-Запад);True;4
113;86470_97040;86470;97040;ПРОМПРОДУКТ УГ;Внутр. перевозки (Восток);True;16
116;86430_7640;86430;7640;УГОЛЬ Т;Экспорт (Северо-Запад);True;9
120;88830_84320;88830;84320;УГОЛЬ Д;Внутр. перевозки (Юг);True;7
121;86210_52810;86210;52810;УГОЛЬ Д;Экспорт (Юг);True;2
122;85270_52530;85270;52530;АНТРАЦИТ;Внутр. перевозки (Юг);True;4
123;86430_88380;86430;88380;УГОЛЬ Т;Внутр. перевозки (Восток);True;3
124;86470_52520;86470;52520;ПРОМПРОДУКТ УГ;Экспорт (Юг);True;4
125;86480_97950;86480;97950;КОНЦЕНТР УГОЛЬН;Экспорт (Восток);True;2
126;86350_51090;86350;51090;УГОЛЬ К;Внутр. перевозки (Юг);True;1
127;86410_52520;86410;52520;КОНЦЕНТР УГОЛЬН;Экспорт (Юг);True;5
128;86210_1850;86210;1850;УГОЛЬ Д;Экспорт (Северо-Запад);True;7
129;88760_98930;88760;98930;УГОЛЬ Д;Экспорт (Восток);True;25
131;86350_98470;86350;98470;УГОЛЬ Т;Экспорт (Восток);True;15
132;88760_98610;88760;98610;УГОЛЬ Д;Экспорт (Восток);True;31
133;86350_98610;86350;98610;УГОЛЬ Т;Экспорт (Восток);True;18
134;91310_96780;91310;96780;КОНЦЕНТР УГОЛЬН;Экспорт (Восток);True;6
136;91610_96900;91610;96900;УГОЛЬ Д;Внутр. перевозки (Восток);True;1
137;88760_80140;88760;80140;УГОЛЬ Д;Внутр. перевозки (Юг);True;2
138;87170_98610;87170;98610;УГОЛЬ КАМЕН ПР;Экспорт (Восток);True;3
139;86280_98610;86280;98610;УГОЛЬ Т;Экспорт (Восток);True;27
140;85270_7640;85270;7640;АНТРАЦИТ;Экспорт (Северо-Запад);True;26
144;86300_98610;86300;98610;УГОЛЬ Г;Экспорт (Восток);True;68
145;86380_59220;86380;59220;КОНЦЕНТР УГОЛЬН;Внутр. перевозки (Юг);True;2
146;85270_84330;85270;84330;АНТРАЦИТ;Экспорт (Юг);True;8
148;91310_98610;91310;98610;КОНЦЕНТР УГОЛЬН;Экспорт (Восток);True;12
149;91310_98350;91310;98350;КОНЦЕНТР УГОЛЬН;Экспорт (Восток);True;13
150;86300_7640;86300;7640;УГОЛЬ Д;Экспорт (Северо-Запад);True;106
151;91610_95470;91610;95470;УГОЛЬ Д;Внутр. перевозки (Восток);True;5
152;93790_98610;93790;98610;УГОЛЬ Д;Экспорт (Восток);True;4
153;86300_98610;86300;98610;УГОЛЬ Г;Экспорт (Восток);True;68
156;91160_91150;91160;91150;ПРОМПРОДУКТ УГ;Внутр. перевозки (Восток);True;4
157;86300_7640;86300;7640;УГОЛЬ Г;Экспорт (Северо-Запад);True;106
159;86300_30750;86300;30750;УГОЛЬ Д;Внутр. перевозки (Северо-Запад);True;1
160;88790_1850;88790;1850;УГОЛЬ Д;Экспорт (Северо-Запад);True;9
161;86300_54490;86300;54490;УГОЛЬ Г;Экспорт (Юг);True;21
162;86300_53310;86300;53310;УГОЛЬ Д;Экспорт (Юг);True;13
163;86300_98020;86300;98020;УГОЛЬ Г;Экспорт (Восток);True;30
164;86300_7640;86300;7640;УГОЛЬ Д;Экспорт (Северо-Запад);True;106
165;86430_30360;86430;30360;УГОЛЬ Т;Внутр. перевозки (Северо-Запад);True;1
166;85270_76940;85270;76940;АНТРАЦИТ;Внутр. перевозки (Юг);True;9
167;86470_97040;86470;97040;УГОЛЬ Т;Внутр. перевозки (Восток);True;16
168;86230_7640;86230;7640;УГОЛЬ Д;Экспорт (Северо-Запад);True;31
169;88760_20280;88760;20280;УГОЛЬ Д;Экспорт (Северо-Запад);True;10
170;88760_82680;88760;82680;УГОЛЬ Д;Внутр. перевозки (Юг);True;2
171;88760_82640;88760;82640;УГОЛЬ Д;Внутр. перевозки (Юг);True;1
172;86400_98570;86400;98570;УГОЛЬ Т;Экспорт (Восток);True;3
173;86480_98090;86480;98090;КОНЦЕНТР УГОЛЬН;Экспорт (Восток);True;3
174;86470_98350;86470;98350;УГОЛЬ Т;Экспорт (Восток);True;9
175;86300_30250;86300;30250;УГОЛЬ Г;Внутр. перевозки (Северо-Запад);True;9
176;88760_7640;88760;7640;УГОЛЬ Д;Экспорт (Северо-Запад);True;27
178;88790_51520;88790;51520;УГОЛЬ Д;Экспорт (Юг);True;5
180;86220_52520;86220;52520;УГОЛЬ Д;Экспорт (Юг);True;18
182;88900_97000;88900;97000;УГ БУР НЕПОДМОС;Внутр. перевозки (Восток);True;6
184;86480_89180;86480;89180;УГОЛЬ Т;Внутр. перевозки (Восток);True;1
185;43860_64840;43860;64840;ПРОК ЧЕРМЕТ ПР;Внутр. перевозки (Юг);True;15
186;43860_80620;43860;80620;ПРОК ЧЕРМЕТ ПР;Внутр. перевозки (Юг);True;3
187;24360_91140;24360;91140;ТРУБЫ СТ БОЛЬШ;Внутр. перевозки (Восток);True;10
188;80120_54490;80120;54490;РЕЛЬСЫ НОВ Р-65;Экспорт (Юг);True;17
189;80120_17140;80120;17140;РЕЛЬСЫ НОВ Р-65;Экспорт (Северо-Запад);True;8
190;59220_89210;59220;89210;СТАЛЬ ЛИСТ ПР;Внутр. перевозки (Восток);True;2
191;21190_24360;21190;24360;ЧУГУН ПЕР РЯД;Внутр. перевозки (Юг);True;8
192;24360_84000;24360;84000;КОЛЕСА ВАГ НОВ;Внутр. перевозки (Юг);True;2
193;24360_79820;24360;79820;ТРУБЫ МЕТ ПР;Внутр. перевозки (Юг);True;7
194;24360_92710;24360;92710;ТРУБЫ СТ БОЛЬШ;Внутр. перевозки (Восток);True;17
195;80120_17140;80120;17140;РЕЛЬСЫ НОВ Р-65;Экспорт (Северо-Запад);True;8
196;78030_98090;78030;98090;СТАЛЬ ЛИСТ ТРАН;Экспорт (Восток);True;5
197;43860_62850;43860;62850;ЗАГОТ Д/ПЕР РЯД;Экспорт (Юг);True;30
198;30250_20120;30250;20120;СТАЛЬ ЛИСТ ПР;Экспорт (Северо-Запад);True;27
199;81760_98210;81760;98210;СТАЛЬ ЛИСТ ПР;Внутр. перевозки (Восток);True;45
200;93290_88760;93290;88760;КРЕМНИЙ КРИСТАЛ;Внутр. перевозки (Восток);True;96
201;59220_3590;59220;3590;СТАЛЬ ЛИСТ ПР;Экспорт (Северо-Запад);True;19
202;59220_53310;59220;53310;СТАЛЬ ЛИСТ ПР;Экспорт (Юг);True;26
203;30250_3160;30250;3160;ЗАГОТ Д/ПЕР КАЧ;Внутр. перевозки (Северо-Запад);True;24
204;81420_24360;81420;24360;ЗАГОТ СТ ПР;Внутр. перевозки (Юг);True;9
205;30250_93010;30250;93010;СТАЛЬ ЛИСТ ПР;Внутр. перевозки (Восток);True;10
206;30250_64840;30250;64840;СТАЛЬ ЛИСТ ПР;Внутр. перевозки (Юг);True;69
207;30250_25240;30250;25240;СТАЛЬ ЛИСТ ПР;Внутр. перевозки (Юг);True;75
208;3160_79860;3160;79860;ТРУБЫ СТ БОЛЬШ;Внутр. перевозки (Юг);True;7
209;3160_87430;3160;87430;ТРУБЫ СТ БОЛЬШ;Внутр. перевозки (Юг);True;4
210;30250_61040;30250;61040;СТАЛЬ ЛИСТ ПР;Внутр. перевозки (Юг);True;41
211;3160_77940;3160;77940;ТРУБЫ СТ БОЛЬШ;Внутр. перевозки (Юг);True;2
212;43860_52350;43860;52350;ЗАГОТ Д/ПЕР РЯД;Внутр. перевозки (Юг);True;9
213;21190_78140;21190;78140;ЧУГУН ПЕР РЯД;Внутр. перевозки (Юг);True;7
215;65430_85020;65430;85020;ПРОВОЛОКА СТ;Внутр. перевозки (Юг);True;13
216;43860_3160;43860;3160;ПРОК ЧЕРМЕТ ПР;Внутр. перевозки (Северо-Запад);True;9
217;93290_88760;93290;88760;КРЕМНИЙ КРИСТАЛ;Внутр. перевозки (Восток);True;96
218;59220_3590;59220;3590;СЛЯБЫ;Экспорт (Северо-Запад);True;19
219;81420_17140;81420;17140;ЧУГУН ПЕР РЯД;Экспорт (Северо-Запад);True;15
220;3160_92710;3160;92710;ТРУБЫ СТ БОЛЬШ;Внутр. перевозки (Восток);True;11
222;81420_80060;81420;80060;СТАЛЬ ЛИСТ ПР;Внутр. перевозки (Юг);True;22
223;81420_85120;81420;85120;СТАЛЬ ЛИСТ ПР;Внутр. перевозки (Юг);True;17
224;81420_23670;81420;23670;СТАЛЬ ЛИСТ ПР;Внутр. перевозки (Северо-Запад);True;6
225;59220_52540;59220;52540;СТАЛЬ ЛИСТ ПР;Внутр. перевозки (Юг);True;20
226;59220_51000;59220;51000;СТАЛЬ ЛИСТ ПР;Внутр. перевозки (Юг);True;51
227;59220_78080;59220;78080;СТАЛЬ ЛИСТ ПР;Внутр. перевозки (Юг);True;25
228;79540_86410;79540;86410;КРЕМНИЙ КРИСТАЛ;Внутр. перевозки (Юг);True;4
229;30250_61040;30250;61040;СТАЛЬ ЛИСТ ПР;Внутр. перевозки (Юг);True;41
230;30250_61190;30250;61190;КАТАНКА СТ;Внутр. перевозки (Юг);True;36
231;59220_23860;59220;23860;СТАЛЬ ЛИСТ ПР;Внутр. перевозки (Северо-Запад);True;6
232;59220_19100;59220;19100;СТАЛЬ ЛИСТ ПР;Внутр. перевозки (Северо-Запад);True;7
233;81420_17140;81420;17140;СТАЛЬ ЛИСТ ПР;Экспорт (Северо-Запад);True;15
234;24360_17140;24360;17140;СТАЛЬ ЛИСТ ПР;Экспорт (Северо-Запад);True;4
235;51150_79700;51150;79700;ТРУБЫ БЕСШОВ;Внутр. перевозки (Юг);True;15
236;61010_79510;61010;79510;ЗАГОТОВКА ТРУБ;Внутр. перевозки (Юг);True;6
237;30250_84480;30250;84480;ПРОВОЛОКА СТ;Экспорт (Юг);True;6
238;81420_98510;81420;98510;ЧУГУН ПЕР РЯД;Экспорт (Восток);True;3
239;81760_23600;81760;23600;СТАЛЬ ЛИСТ КРОВ;Внутр. перевозки (Северо-Запад);True;14
240;23670_91140;23670;91140;ТРУБЫ СТ БОЛЬШ;Внутр. перевозки (Восток);True;2
241;80120_98210;80120;98210;ПРОК ЧЕРМЕТ ПР;Внутр. перевозки (Восток);True;11
243;30250_20120;30250;20120;СТАЛЬ ЛИСТ ПР;Экспорт (Северо-Запад);True;27
244;21190_18350;21190;18350;ЧУГУН ПЕР РЯД;Внутр. перевозки (Северо-Запад);True;3
245;65430_2410;65430;2410;КАТАНКА СТ;Внутр. перевозки (Северо-Запад);True;3
246;80120_19330;80120;19330;СТАЛЬ СОРТ;Внутр. перевозки (Северо-Запад);True;21
247;59220_3590;59220;3590;СТАЛЬ ЛИСТ ПР;Экспорт (Северо-Запад);True;19
248;81760_98210;81760;98210;СТАЛЬ ЛИСТ ПР;Внутр. перевозки (Восток);True;45
249;78170_17140;78170;17140;ТРУБЫ МЕТ ПР;Экспорт (Северо-Запад);True;3
250;51150_79700;51150;79700;ТРУБЫ БЕСШОВ;Внутр. перевозки (Юг);True;15
251;51150_79800;51150;79800;ТРУБЫ БЕСШОВ;Внутр. перевозки (Юг);True;13
252;78170_79800;78170;79800;ТРУБЫ МЕТ ПР;Внутр. перевозки (Юг);True;12
253;80120_17140;80120;17140;ПРОК ЧЕРМЕТ ПР;Экспорт (Северо-Запад);True;8
254;81760_54490;81760;54490;СТАЛЬ ЛИСТ ПР;Экспорт (Юг);True;108
255;43860_90430;43860;90430;ШАРЫ СТ ПОМОЛ;Внутр. перевозки (Восток);True;5
256;30250_64840;30250;64840;СТАЛЬ ЛИСТ ПР;Внутр. перевозки (Юг);True;69
257;80120_2410;80120;2410;КАТАНКА СТ;Внутр. перевозки (Северо-Запад);True;3
258;30250_20540;30250;20540;ШАРЫ СТ ПОМОЛ;Внутр. перевозки (Северо-Запад);True;37
259;24360_64780;24360;64780;ПРОК ЧЕРМЕТ ПР;Внутр. перевозки (Юг);True;21
260;81420_23670;81420;23670;СТАЛЬ ЛИСТ ПР;Внутр. перевозки (Северо-Запад);True;6
261;59220_53310;59220;53310;СЛЯБЫ;Экспорт (Юг);True;26
262;51150_54490;51150;54490;ТРУБЫ ВОДГАЗ ПР;Экспорт (Юг);True;9
263;59220_98610;59220;98610;СТАЛЬ ЛИСТ ТРАН;Экспорт (Восток);True;9
264;30250_3160;30250;3160;ЗАГОТ Д/ПЕР КАЧ;Внутр. перевозки (Северо-Запад);True;24
265;59220_24360;59220;24360;ЗАГОТ Д/ПЕР КАЧ;Внутр. перевозки (Юг);True;11
266;80060_95630;80060;95630;ТРУБЫ СТ БОЛЬШ;Внутр. перевозки (Восток);True;3
267;61010_92710;61010;92710;ТРУБЫ БЕСШОВ;Внутр. перевозки (Восток);True;3
268;80120_65430;80120;65430;ЗАГОТ Д/ПЕР КАЧ;Внутр. перевозки (Юг);True;14
269;80120_43840;80120;43840;РЕЛЬСЫ НОВ Р-65;Внутр. перевозки (Юг);True;2
271;81760_63730;81760;63730;СТАЛЬ ЛИСТ ПР;Внутр. перевозки (Юг);True;34
272;78130_93710;78130;93710;ТРУБЫ МЕТ ПР;Экспорт (Восток);True;3
273;93290_3560;93290;3560;КРЕМНИЙ КРИСТАЛ;Экспорт (Северо-Запад);True;4
275;30250_20540;30250;20540;ШАРЫ СТ ПОМОЛ;Внутр. перевозки (Северо-Запад);True;37
276;78030_52100;78030;52100;СТАЛЬ ЛИСТ ТРАН;Экспорт (Юг);True;36
277;92450_98020;92450;98020;ФЕРРОСИЛ 30-90;Экспорт (Восток);True;16
278;81760_85120;81760;85120;СТАЛЬ ЛИСТ ПР;Внутр. перевозки (Юг);True;43
279;59220_78000;59220;78000;СТАЛЬ ЛИСТ ПР;Внутр. перевозки (Юг);True;32
280;43860_52100;43860;52100;ЗАГОТ Д/ПЕР РЯД;Экспорт (Юг);True;19
281;81420_52090;81420;52090;ЧУГУН ПЕР РЯД;Внутр. перевозки (Юг);True;2
282;30250_64840;30250;64840;СТАЛЬ ЛИСТ ПР;Внутр. перевозки (Юг);True;69
283;24360_81650;24360;81650;ТРУБЫ СТ БОЛЬШ;Экспорт (Юг);True;11
284;79510_20120;79510;20120;ТРУБЫ МЕТ ПР;Экспорт (Северо-Запад);True;2
285;21190_98020;21190;98020;ЧУГУН ПЕР РЯД;Экспорт (Восток);True;2
286;81420_81650;81420;81650;СТАЛЬ ЛИСТ ПР;Экспорт (Юг);True;96
287;81420_52100;81420;52100;ЧУГУН ПЕР РЯД;Экспорт (Юг);True;14
288;24360_29170;24360;29170;ТРУБЫ СТ НЕМЕТ;Внутр. перевозки (Северо-Запад);True;9
289;59220_93260;59220;93260;СТАЛЬ ЛИСТ ПР;Внутр. перевозки (Восток);True;2
290;21190_52100;21190;52100;ЧУГУН ПЕР РЯД;Экспорт (Юг);True;9
291;59220_23860;59220;23860;СТАЛЬ ЛИСТ ПР;Внутр. перевозки (Северо-Запад);True;6
292;59220_23060;59220;23060;СТАЛЬ ЛИСТ ПР;Внутр. перевозки (Северо-Запад);True;15
293;59220_3590;59220;3590;СТАЛЬ ЛИСТ ПР;Экспорт (Северо-Запад);True;19
294;81760_23860;81760;23860;СТАЛЬ ЛИСТ ПР;Внутр. перевозки (Северо-Запад);True;21
295;81760_23540;81760;23540;СТАЛЬ ЛИСТ КРОВ;Внутр. перевозки (Северо-Запад);True;30
296;80060_1840;80060;1840;ТРУБЫ СТ БОЛЬШ;Внутр. перевозки (Северо-Запад);True;3
297;61010_1840;61010;1840;ТРУБЫ БЕСШОВ;Внутр. перевозки (Северо-Запад);True;3
298;30250_17200;30250;17200;СТАЛЬ ЛИСТ ПР;Экспорт (Северо-Запад);True;12
299;59220_31620;59220;31620;СТАЛЬ ЛИСТ ПР;Внутр. перевозки (Северо-Запад);True;2
300;23670_91140;23670;91140;ТРУБЫ СТ БОЛЬШ;Внутр. перевозки (Восток);True;2
301;81760_54490;81760;54490;СТАЛЬ ЛИСТ ПР;Экспорт (Юг);True;108
302;30250_17140;30250;17140;СТАЛЬ ЛИСТ ПР;Экспорт (Северо-Запад);True;126
303;3160_23670;3160;23670;СТАЛЬ ЛИСТ ПР;Внутр. перевозки (Северо-Запад);True;4
304;30250_22970;30250;22970;СТАЛЬ ЛИСТ ПР;Внутр. перевозки (Северо-Запад);True;11
305;81760_17140;81760;17140;СТАЛЬ ЛИСТ ПР;Экспорт (Северо-Запад);True;30
306;43860_20540;43860;20540;ШАРЫ СТ ПОМОЛ;Внутр. перевозки (Северо-Запад);True;7
307;81760_17140;81760;17140;СТАЛЬ ЛИСТ ПР;Экспорт (Северо-Запад);True;30
309;81420_52100;81420;52100;ЧУГУН ПЕР РЯД;Экспорт (Юг);True;14
310;43860_30250;43860;30250;ПРОК ЧЕРМЕТ ПР;Внутр. перевозки (Северо-Запад);True;10
311;81760_85120;81760;85120;СТАЛЬ ЛИСТ ПР;Внутр. перевозки (Юг);True;43
312;81760_51150;81760;51150;СТАЛЬ ЛИСТ ПР;Внутр. перевозки (Юг);True;32
313;81760_51000;81760;51000;СТАЛЬ ЛИСТ ПР;Внутр. перевозки (Юг);True;105
314;78170_28830;78170;28830;ТРУБЫ МЕТ ПР;Внутр. перевозки (Северо-Запад);True;11
315;78170_19980;78170;19980;ТРУБЫ МЕТ ПР;Внутр. перевозки (Северо-Запад);True;2
316;78170_19220;78170;19220;ТРУБЫ МЕТ ПР;Внутр. перевозки (Северо-Запад);True;2
317;21190_52100;21190;52100;ЧУГУН ПЕР РЯД;Экспорт (Юг);True;9
318;24360_4750;24360;4750;КОЛЕСА ВАГ НОВ;Внутр. перевозки (Северо-Запад);True;2
319;43860_98070;43860;98070;ШАРЫ СТ ПОМОЛ;Внутр. перевозки (Восток);True;2
320;24360_54490;24360;54490;ТРУБЫ СТ БОЛЬШ;Экспорт (Юг);True;3
321;59220_52100;59220;52100;СТАЛЬ ЛИСТ ПР;Экспорт (Юг);True;77
322;80120_54490;80120;54490;ЗАГОТ СТ ПР;Экспорт (Юг);True;17
323;81760_23860;81760;23860;СТАЛЬ ЛИСТ ПР;Внутр. перевозки (Северо-Запад);True;21
324;79510_81200;79510;81200;ТРУБЫ МЕТ ПР;Внутр. перевозки (Юг);True;9
325;59220_52100;59220;52100;СТАЛЬ ЛИСТ ПР;Экспорт (Юг);True;77
326;59220_78000;59220;78000;СТАЛЬ ЛИСТ ПР;Внутр. перевозки (Юг);True;32
327;51150_61840;51150;61840;ЗАГОТОВКА ТРУБ;Экспорт (Юг);True;99
328;30250_90430;30250;90430;ШАРЫ СТ ПОМОЛ;Внутр. перевозки (Восток);True;10
329;30250_62510;30250;62510;ЧУГУН ПЕР РЯД;Внутр. перевозки (Юг);True;32
330;24360_79840;24360;79840;ТРУБЫ МЕТ ПР;Внутр. перевозки (Юг);True;3
331;24360_79860;24360;79860;ТРУБЫ СТ БОЛЬШ;Внутр. перевозки (Юг);True;19
332;43860_17140;43860;17140;ПРОК ЧЕРМЕТ ПР;Экспорт (Северо-Запад);True;27
333;80120_86250;80120;86250;ЗАГОТ Д/ПЕР КАЧ;Внутр. перевозки (Юг);True;40
334;80120_65430;80120;65430;ЗАГОТ Д/ПЕР КАЧ;Внутр. перевозки (Юг);True;14
335;80120_52350;80120;52350;ЗАГОТ Д/ПЕР КАЧ;Внутр. перевозки (Юг);True;14
336;43860_52350;43860;52350;ЗАГОТ Д/ПЕР РЯД;Внутр. перевозки (Юг);True;9
337;21190_17140;21190;17140;ЧУГУН ПЕР РЯД;Экспорт (Северо-Запад);True;28
339;95530_10310;95530;10310;ЗЕРНО БОБОВ;Внутр. перевозки (Северо-Запад);True;14
342;59540_10310;59540;10310;ЗЕРНО БОБОВ;Внутр. перевозки (Северо-Запад);True;27
343;95530_59540;95530;59540;ЗЕРНО БОБОВ;Внутр. перевозки (Юг);True;12
344;53730_17140;53730;17140;СЕМЕНА МАСЛ ПР;Экспорт (Северо-Запад);True;3
347;64620_52100;64620;52100;ПШЕНИЦА;Экспорт (Юг);True;17
351;60720_52100;60720;52100;ПШЕНИЦА;Экспорт (Юг);True;15
353;60110_52100;60110;52100;ПШЕНИЦА;Экспорт (Юг);True;14
354;92450_3620;92450;3620;АЛЮМИНИЙ СПЛАВ;Экспорт (Северо-Запад);True;19
355;88760_98090;88760;98090;АЛЮМИНИЙ СПЛАВ;Экспорт (Восток);True;4
356;89210_94700;89210;94700;АЛЮМИНИЙ СПЛАВ;Экспорт (Восток);True;28
357;88760_52780;88760;52780;АЛЮМИНИЙ СПЛАВ;Экспорт (Юг);True;20
359;92450_3620;92450;3620;АЛЮМИНИЙ СПЛАВ;Экспорт (Северо-Запад);True;19
360;89010_52780;89010;52780;АЛЮМИНИЙ СПЛАВ;Экспорт (Юг);True;16
361;88760_98720;88760;98720;АЛЮМИНИЙ СПЛАВ;Экспорт (Восток);True;6
362;92030_98720;92030;98720;АЛЮМИНИЙ СПЛАВ;Экспорт (Восток);True;6
364;92450_3620;92450;3620;АЛЮМИНИЙ СПЛАВ;Экспорт (Северо-Запад);True;19
365;93290_3590;93290;3590;АЛЮМИНИЙ СПЛАВ;Экспорт (Северо-Запад);True;8
366;89010_63800;89010;63800;АЛЮМИНИЙ СПЛАВ;Внутр. перевозки (Юг);True;17
367;92450_79540;92450;79540;АЛЮМИНИЙ СПЛАВ;Внутр. перевозки (Юг);True;3
368;1540_30250;1540;30250;КОНЦЕНТРАТ ЖЛРУ;Внутр. перевозки (Северо-Запад);True;2
369;77300_52100;77300;52100;ОКАТЫШИ Ж/РУД;Экспорт (Юг);True;6
370;2780_30250;2780;30250;ОКАТЫШИ Ж/РУД;Внутр. перевозки (Северо-Запад);True;13
371;43840_96010;43840;96010;БРИКЕТЫ ЖЕЛЕЗ;Внутр. перевозки (Восток);True;2
372;91370_80120;91370;80120;АГЛОРУДА;Внутр. перевозки (Юг);True;15
373;43840_91310;43840;91310;КОНЦЕНТРАТ ЖЛРУ;Внутр. перевозки (Восток);True;3
374;1640_2140;1640;2140;ШТЕЙН НИКЕЛЕВ;Экспорт (Северо-Запад);True;2
376;43840_54490;43840;54490;БРИКЕТЫ ЖЕЛЕЗ;Экспорт (Юг);True;1
377;1810_98610;1810;98610;КОНЦЕНТР НИКЕЛ;Экспорт (Восток);True;6
379;79540_85030;79540;85030;РУДА АЛЮМИН ПР;Внутр. перевозки (Юг);True;2
380;1540_30250;1540;30250;КОНЦЕНТРАТ ЖЛРУ;Внутр. перевозки (Северо-Запад);True;2
381;77300_30260;77300;30260;ОКАТЫШИ Ж/РУД;Внутр. перевозки (Северо-Запад);True;1
382;1810_3560;1810;3560;КОНЦЕНТР НИКЕЛ;Экспорт (Северо-Запад);True;6
384;43840_52100;43840;52100;БРИКЕТЫ ЖЕЛЕЗ;Экспорт (Юг);True;9
385;77300_52100;77300;52100;ОКАТЫШИ Ж/РУД;Экспорт (Юг);True;6
386;43840_59230;43840;59230;КОНЦЕНТРАТ ЖЛРУ;Внутр. перевозки (Юг);True;12
387;2780_93150;2780;93150;ОКАТЫШИ Ж/РУД;Внутр. перевозки (Восток);True;6
388;79540_92030;79540;92030;ГЛИНОЗЕМ;Внутр. перевозки (Восток);True;6
389;92570_80120;92570;80120;КОНЦЕНТРАТ ЖЛРУ;Внутр. перевозки (Юг);True;10
390;43840_91720;43840;91720;КОНЦЕНТРАТ ЖЛРУ;Внутр. перевозки (Восток);True;2
391;79540_93290;79540;93290;ГЛИНОЗЕМ;Внутр. перевозки (Восток);True;3
392;20540_1840;20540;1840;ОКАТЫШИ Ж/РУД;Внутр. перевозки (Северо-Запад);True;3
393;43840_81750;43840;81750;АГЛОРУДА;Внутр. перевозки (Юг);True;19
394;1810_98610;1810;98610;КОНЦЕНТР НИКЕЛ;Экспорт (Восток);True;6
395;43540_30250;43540;30250;АГЛОРУДА;Внутр. перевозки (Северо-Запад);True;6
396;1540_1850;1540;1850;КОНЦЕНТРАТ ЖЛРУ;Экспорт (Северо-Запад);True;6
397;81410_78140;81410;78140;КОНЦЕНТР МЕДН;Внутр. перевозки (Юг);True;2
398;20540_94700;20540;94700;ОКАТЫШИ Ж/РУД;Экспорт (Восток);True;3
399;90430_77090;90430;77090;КОНЦЕНТР МЕДН;Внутр. перевозки (Юг);True;2
400;92620_92570;92620;92570;РУДА ЖЕЛЕЗ ПР;Внутр. перевозки (Восток);True;21
402;77300_86420;77300;86420;ОКАТЫШИ Ж/РУД;Внутр. перевозки (Юг);True;3
403;43800_21190;43800;21190;КОНЦЕНТРАТ ЖЛРУ;Внутр. перевозки (Северо-Запад);True;4
404;1540_81750;1540;81750;КОНЦЕНТРАТ ЖЛРУ;Внутр. перевозки (Юг);True;7
405;94470_94470;94470;94470;КОНЦЕНТРАТ ЖЛРУ;Внутр. перевозки (Восток);True;170
406;79540_19300;79540;19300;РУДА АЛЮМИН ПР;Внутр. перевозки (Северо-Запад);True;1
407;20530_62850;20530;62850;РУДА ЖЕЛЕЗ ДОМ;Экспорт (Юг);True;10
408;1540_1850;1540;1850;КОНЦЕНТРАТ ЖЛРУ;Экспорт (Северо-Запад);True;6
409;28520_79540;28520;79540;БОКСИТЫ;Внутр. перевозки (Юг);True;4
410;20530_21190;20530;21190;РУДА ЖЕЛЕЗ ДОМ;Внутр. перевозки (Северо-Запад);True;3
411;43840_20120;43840;20120;БРИКЕТЫ ЖЕЛЕЗ;Экспорт (Северо-Запад);True;20
412;77540_1490;77540;1490;ГЛИНОЗЕМ;Внутр. перевозки (Северо-Запад);True;1
413;20540_7640;20540;7640;ОКАТЫШИ Ж/РУД;Экспорт (Северо-Запад);True;12
414;80140_81360;80140;81360;КЛИНКЕР ЦВЕТМЕТ;Внутр. перевозки (Юг);True;4
415;88380_92450;88380;92450;РУДА АЛЮМИН ПР;Внутр. перевозки (Восток);True;8
416;78570_80570;78570;80570;РУДА МЕДН;Внутр. перевозки (Юг);True;2
417;20530_86420;20530;86420;КОНЦЕНТРАТ ЖЛРУ;Внутр. перевозки (Юг);True;5
418;1540_81750;1540;81750;КОНЦЕНТРАТ ЖЛРУ;Внутр. перевозки (Юг);True;7
419;94470_94700;94470;94700;КОНЦЕНТРАТ ЖЛРУ;Экспорт (Восток);True;15
420;43840_94700;43840;94700;РУДА ЖЕЛЕЗ ПР;Экспорт (Восток);True;3
421;1840_1640;1840;1640;ШТЕЙН НИКЕЛЕВ;Внутр. перевозки (Северо-Запад);True;9
423;77540_61050;77540;61050;ГЛИНОЗЕМ;Внутр. перевозки (Юг);True;2
424;77300_77000;77300;77000;ОКАТЫШИ Ж/РУД;Внутр. перевозки (Юг);True;103
425;94470_94700;94470;94700;КОНЦЕНТР МЕДН;Экспорт (Восток);True;15
427;88790_2780;88790;2780;ГЛИНА БЕНТОНИТ;Внутр. перевозки (Северо-Запад);True;6
428;2310_26270;2310;26270;ЩЕБЕНЬ ГРАН ПР;Внутр. перевозки (Юг);True;8
429;2310_24360;2310;24360;ЩЕБЕНЬ ГРАН ПР;Внутр. перевозки (Юг);True;4
430;88780_20080;88780;20080;ГЛИНОПОРОШОК;Внутр. перевозки (Северо-Запад);True;10
431;88790_2780;88790;2780;ГЛИНА БЕНТОНИТ;Внутр. перевозки (Северо-Запад);True;6
432;79320_88250;79320;88250;ИЗВЕСТЬ НЕГАШЕН;Внутр. перевозки (Восток);True;5
433;81400_62370;81400;62370;ЩЕБЕНЬ ПР;Внутр. перевозки (Юг);True;4
434;3210_81300;3210;81300;КИРПИЧ СТР ПР;Экспорт (Юг);True;12
436;3380_58310;3380;58310;ПЛИТЫ ЖЕЛЕЗБЕТ;Внутр. перевозки (Юг);True;2
438;20090_20120;20090;20120;П/ЦЕМЕНТ СТР;Экспорт (Северо-Запад);True;30
439;53110_53260;53110;53260;П/ЦЕМЕНТ СТР;Экспорт (Юг);True;7
440;20090_20120;20090;20120;П/ЦЕМЕНТ СТР;Экспорт (Северо-Запад);True;30
441;2380_23780;2380;23780;ЩЕБЕНЬ ПР;Внутр. перевозки (Северо-Запад);True;5
442;29610_28660;29610;28660;ЩЕБЕНЬ Д/БАЛ ЖП;Внутр. перевозки (Северо-Запад);True;3
443;29610_29050;29610;29050;ЩЕБЕНЬ ГРАН ПР;Внутр. перевозки (Северо-Запад);True;19
445;88790_43840;88790;43840;ГЛИНА БЕНТОНИТ;Внутр. перевозки (Юг);True;4
446;88790_43860;88790;43860;ГЛИНА БЕНТОНИТ;Внутр. перевозки (Юг);True;8
447;79320_83150;79320;83150;ИЗВЕСТЬ НЕГАШЕН;Внутр. перевозки (Юг);True;4
448;2210_18020;2210;18020;ЩЕБЕНЬ ГРАН ПР;Внутр. перевозки (Северо-Запад);True;11
449;2310_23780;2310;23780;ЩЕБЕНЬ ГРАН ПР;Внутр. перевозки (Северо-Запад);True;3
450;2310_18180;2310;18180;ЩЕБЕНЬ ГРАН ПР;Внутр. перевозки (Северо-Запад);True;2
451;3210_29040;3210;29040;КИРПИЧ СТР ПР;Внутр. перевозки (Северо-Запад);True;1
452;79320_79870;79320;79870;ЩЕБЕНЬ ПР;Внутр. перевозки (Юг);True;8
453;80540_64840;80540;64840;ЩЕБЕНЬ ПР;Внутр. перевозки (Юг);True;7
454;81730_25240;81730;25240;ЩЕБЕНЬ ПР;Внутр. перевозки (Юг);True;1
455;81390_65730;81390;65730;ЩЕБЕНЬ Д/БАЛ ЖП;Внутр. перевозки (Юг);True;10
456;58320_62400;58320;62400;ЩЕБЕНЬ Д/БАЛ ЖП;Внутр. перевозки (Юг);True;6
457;88790_43840;88790;43840;ГЛИНА БЕНТОНИТ;Внутр. перевозки (Юг);True;4
458;88790_43860;88790;43860;ГЛИНА БЕНТОНИТ;Внутр. перевозки (Юг);True;8
459;88790_77300;88790;77300;ГЛИНА БЕНТОНИТ;Внутр. перевозки (Юг);True;3
460;3380_93160;3380;93160;ПЛИТЫ ЖЕЛЕЗБЕТ;Внутр. перевозки (Восток);True;4
461;58320_19290;58320;19290;ЩЕБЕНЬ ГРАН ПР;Внутр. перевозки (Северо-Запад);True;12
462;76790_77000;76790;77000;КОКС ДОМЕН;Внутр. перевозки (Юг);True;17
463;84140_59220;84140;59220;КОКС ДОМЕН;Внутр. перевозки (Юг);True;10
464;87130_21190;87130;21190;КОКС ДОМЕН;Внутр. перевозки (Северо-Запад);True;13
465;84140_79380;84140;79380;КОКС ЛИТЕЙН;Внутр. перевозки (Юг);True;2
466;19330_52780;19330;52780;МЕЛОЧЬ КОКСОВ;Экспорт (Юг);True;11
467;84140_84330;84140;84330;МЕЛОЧЬ КОКСОВ;Экспорт (Юг);True;11
468;19330_21390;19330;21390;КОКС ПР;Внутр. перевозки (Северо-Запад);True;8
469;77000_82010;77000;82010;ОРЕШЕК КОКСОВ;Экспорт (Юг);True;13
470;76790_21390;76790;21390;КОКС ДОМЕН;Внутр. перевозки (Северо-Запад);True;6
472;76790_52100;76790;52100;МЕЛОЧЬ КОКСОВ;Экспорт (Юг);True;8
473;87130_77000;87130;77000;КОКС ДОМЕН;Внутр. перевозки (Юг);True;5
474;30250_86410;30250;86410;ОРЕШЕК КОКСОВ;Внутр. перевозки (Юг);True;7
475;77000_77300;77000;77300;МЕЛОЧЬ КОКСОВ;Внутр. перевозки (Юг);True;89
476;19330_52780;19330;52780;КОКС ПР;Экспорт (Юг);True;11
477;19330_92450;19330;92450;ОРЕШЕК КОКСОВ;Внутр. перевозки (Восток);True;5
478;87130_88260;87130;88260;ОРЕШЕК КОКСОВ;Внутр. перевозки (Восток);True;2
479;81420_54490;81420;54490;ОРЕШЕК КОКСОВ;Экспорт (Юг);True;8
480;76790_97000;76790;97000;КОКС ЛИТЕЙН;Внутр. перевозки (Восток);True;1
481;84140_84330;84140;84330;КОКС ЛИТЕЙН;Экспорт (Юг);True;11
482;81420_86410;81420;86410;КОКС ДОМЕН;Внутр. перевозки (Юг);True;13
483;87130_77000;87130;77000;КОКС ДОМЕН;Внутр. перевозки (Юг);True;5
484;30250_81650;30250;81650;ОРЕШЕК КОКСОВ;Экспорт (Юг);True;182
485;84140_88260;84140;88260;ОРЕШЕК КОКСОВ;Внутр. перевозки (Восток);True;1
486;81760_51330;81760;51330;МЕЛОЧЬ КОКСОВ;Внутр. перевозки (Юг);True;32
487;30250_17410;30250;17410;МЕЛОЧЬ КОКСОВ;Внутр. перевозки (Северо-Запад);True;3
488;30250_17410;30250;17410;МЕЛОЧЬ КОКСОВ;Внутр. перевозки (Северо-Запад);True;3
489;21190_81650;21190;81650;МЕЛОЧЬ КОКСОВ;Экспорт (Юг);True;47
490;19330_92450;19330;92450;ОРЕШЕК КОКСОВ;Внутр. перевозки (Восток);True;5
491;76790_87040;76790;87040;КОКС ЛИТЕЙН;Внутр. перевозки (Юг);True;4
492;77000_77300;77000;77300;МЕЛОЧЬ КОКСОВ;Внутр. перевозки (Юг);True;89
493;81420_81650;81420;81650;КОКС ЛИТЕЙН;Экспорт (Юг);True;96
494;87130_98930;87130;98930;МЕЛОЧЬ КОКСОВ;Экспорт (Восток);True;1
495;84140_59230;84140;59230;МЕЛОЧЬ КОКСОВ;Внутр. перевозки (Юг);True;5
496;30250_2010;30250;2010;МЕЛОЧЬ КОКСОВ;Экспорт (Северо-Запад);True;4
497;77000_86410;77000;86410;КОКС ПР;Внутр. перевозки (Юг);True;7
498;76790_21390;76790;21390;КОКС ДОМЕН;Внутр. перевозки (Северо-Запад);True;6
499;81760_51530;81760;51530;МЕЛОЧЬ КОКСОВ;Экспорт (Юг);True;2
500;81420_86410;81420;86410;КОКС ДОМЕН;Внутр. перевозки (Юг);True;13
502;87130_21190;87130;21190;КОКС ДОМЕН;Внутр. перевозки (Северо-Запад);True;13
503;76790_7640;76790;7640;КОКС ДОМЕН;Экспорт (Северо-Запад);True;3
504;30250_80680;30250;80680;КОКС ДОМЕН;Внутр. перевозки (Юг);True;3
505;77000_93290;77000;93290;КОКС ПЕК КАМ/УГ;Внутр. перевозки (Восток);True;6
506;76790_7640;76790;7640;КОКС ДОМЕН;Экспорт (Северо-Запад);True;3
507;19330_20120;19330;20120;КОКС ЛИТЕЙН;Экспорт (Северо-Запад);True;21
508;77000_93290;77000;93290;КОКС ПЕК КАМ/УГ;Внутр. перевозки (Восток);True;6
510;76790_52100;76790;52100;МЕЛОЧЬ КОКСОВ;Экспорт (Юг);True;8
511;81760_80140;81760;80140;МЕЛОЧЬ КОКСОВ;Внутр. перевозки (Юг);True;56
512;87130_59220;87130;59220;КОКС ДОМЕН;Внутр. перевозки (Юг);True;1
513;19330_77000;19330;77000;КОКС ПР;Внутр. перевозки (Юг);True;8
515;19330_20120;19330;20120;КОКС ЛИТЕЙН;Экспорт (Северо-Запад);True;21
516;29810_62850;29810;62850;ПИЛМАТ ПР;Экспорт (Юг);True;4
517;29170_3560;29170;3560;ПИЛМАТ ПР;Экспорт (Северо-Запад);True;2
519;29810_98610;29810;98610;ПИЛМАТ ПР;Экспорт (Восток);True;1
520;29810_7570;29810;7570;ПИЛМАТ ПР;Экспорт (Северо-Запад);True;1
521;30060_1180;30060;1180;ЩЕПА КР КРОВЕЛ;Внутр. перевозки (Северо-Запад);True;7
522;27350_85030;27350;85030;ФАНЕРА КЛЕЕНАЯ;Внутр. перевозки (Юг);True;4
523;29610_62850;29610;62850;ПИЛМАТ ПР;Экспорт (Юг);True;3
524;89580_98610;89580;98610;ПИЛМАТ ПР;Экспорт (Восток);True;1
525;89580_52100;89580;52100;ПИЛМАТ ПР;Экспорт (Юг);True;6
526;29810_26190;29810;26190;ЩЕПА КР КРОВЕЛ;Внутр. перевозки (Юг);True;11
527;29870_64890;29870;64890;БАЛАНСЫ ХВОЙН;Внутр. перевозки (Юг);True;4
528;29170_61840;29170;61840;ПИЛМАТ ПР;Экспорт (Юг);True;7
529;29610_7640;29610;7640;ПИЛМАТ ПР;Экспорт (Северо-Запад);True;2
530;29050_93730;29050;93730;ПИЛМАТ ПР;Экспорт (Восток);True;6
531;29780_29000;29780;29000;БАЛАНСЫ СВ 1,5М;Внутр. перевозки (Северо-Запад);True;14
532;29780_29000;29780;29000;БАЛАНСЫ СВ 1,5М;Внутр. перевозки (Северо-Запад);True;14
533;88250_98930;88250;98930;ПИЛМАТ ПР;Экспорт (Восток);True;19
534;92780_92460;92780;92460;ЩЕПА КР КРОВЕЛ;Внутр. перевозки (Восток);True;32
535;88250_93280;88250;93280;ПЛИТЫ ДВП;Внутр. перевозки (Восток);True;1
536;29170_3560;29170;3560;ПИЛМАТ ПР;Экспорт (Северо-Запад);True;2
537;29810_3560;29810;3560;ПИЛМАТ ПР;Экспорт (Северо-Запад);True;7
538;29810_1090;29810;1090;ЛЕСМАТ СВ 2М;Внутр. перевозки (Северо-Запад);True;17
539;88250_52100;88250;52100;ПИЛМАТ ПР;Экспорт (Юг);True;41
541;29810_93730;29810;93730;ПИЛМАТ ПР;Экспорт (Восток);True;13
542;88250_98610;88250;98610;ПИЛМАТ ПР;Экспорт (Восток);True;22
543;88250_98610;88250;98610;ПИЛМАТ ПР;Экспорт (Восток);True;22
544;29160_29810;29160;29810;ПИЛОВОЧНИК ВС;Внутр. перевозки (Северо-Запад);True;2
545;29810_98020;29810;98020;ПИЛМАТ ПР;Экспорт (Восток);True;22
546;29170_62850;29170;62850;ПИЛМАТ ПР;Экспорт (Юг);True;4
547;30060_27350;30060;27350;КРЯЖ ФАНЕРНЫЙ;Внутр. перевозки (Юг);True;2
548;29050_94700;29050;94700;ПИЛМАТ ПР;Экспорт (Восток);True;19
549;29610_3560;29610;3560;ПИЛМАТ ПР;Экспорт (Северо-Запад);True;4
9;85270_4750;85270;4750;АНТРАЦИТ;Внутр. перевозки (Северо-Запад);False;0
14;86210_96280;86210;96280;УГОЛЬ Д;Внутр. перевозки (Восток);False;0
25;89310_22790;89310;22790;УГ БУР НЕПОДМОС;Внутр. перевозки (Северо-Запад);False;0
30;86210_28870;86210;28870;УГОЛЬ Д;Внутр. перевозки (Северо-Запад);False;0
40;87190_97040;87190;97040;УГОЛЬ СС;Внутр. перевозки (Восток);False;0
47;87590_52810;87590;52810;КОНЦЕНТР УГОЛЬН;Экспорт (Юг);False;0
60;86300_29000;86300;29000;УГОЛЬ Д;Внутр. перевозки (Северо-Запад);False;0
84;86430_53260;86430;53260;УГОЛЬ Т;Экспорт (Юг);False;0
102;86310_81450;86310;81450;КОНЦЕНТР УГОЛЬН;Экспорт (Юг);False;0
109;88760_28090;88760;28090;УГОЛЬ Д;Внутр. перевозки (Северо-Запад);False;0
111;86390_51090;86390;51090;КОНЦЕНТР УГОЛЬН;Внутр. перевозки (Юг);False;0
114;86220_97000;86220;97000;УГОЛЬ Д;Внутр. перевозки (Восток);False;0
115;86370_52520;86370;52520;УГОЛЬ Т;Экспорт (Юг);False;0
117;88900_85200;88900;85200;УГ БУР НЕПОДМОС;Внутр. перевозки (Юг);False;0
118;88830_98260;88830;98260;УГОЛЬ Д;Внутр. перевозки (Восток);False;0
119;86300_98430;86300;98430;УГОЛЬ Д;Внутр. перевозки (Восток);False;0
130;86430_51520;86430;51520;УГОЛЬ Т;Экспорт (Юг);False;0
135;91610_96390;91610;96390;УГОЛЬ Д;Экспорт (Восток);False;0
141;86480_88260;86480;88260;АНТРАЦИТ;Внутр. перевозки (Восток);False;0
142;86300_29020;86300;29020;УГОЛЬ Д;Внутр. перевозки (Северо-Запад);False;0
143;91720_98260;91720;98260;УГОЛЬ Г;Внутр. перевозки (Восток);False;0
147;86300_95470;86300;95470;УГОЛЬ Д;Внутр. перевозки (Восток);False;0
154;87190_30250;87190;30250;КОНЦЕНТР УГОЛЬН;Внутр. перевозки (Северо-Запад);False;0
155;88790_1830;88790;1830;УГОЛЬ Д;Внутр. перевозки (Северо-Запад);False;0
158;86480_84330;86480;84330;АНТРАЦИТ;Экспорт (Юг);False;0
177;86480_51380;86480;51380;КОНЦЕНТР УГОЛЬН;Экспорт (Юг);False;0
179;86290_97040;86290;97040;УГОЛЬ СС;Внутр. перевозки (Восток);False;0
181;86210_80140;86210;80140;УГОЛЬ Д;Внутр. перевозки (Юг);False;0
183;86220_92450;86220;92450;УГОЛЬ Д;Внутр. перевозки (Восток);False;0
214;61010_95300;61010;95300;ТРУБЫ СТ БОЛЬШ;Внутр. перевозки (Восток);False;0
221;3160_91020;3160;91020;ТРУБЫ СТ БОЛЬШ;Внутр. перевозки (Восток);False;0
242;80120_23040;80120;23040;РЕЛЬСЫ НОВ Р-65;Внутр. перевозки (Северо-Запад);False;0
270;24360_18390;24360;18390;ПРОК ЧЕРМЕТ ПР;Внутр. перевозки (Северо-Запад);False;0
274;24360_3590;24360;3590;ТРУБЫ МЕТ ПР;Экспорт (Северо-Запад);False;0
308;81420_3560;81420;3560;ЧУГУН ПЕР РЯД;Экспорт (Северо-Запад);False;0
338;52830_52270;52830;52270;ПШЕНИЦА;Внутр. перевозки (Юг);False;0
340;65270_2070;65270;2070;ЯЧМЕНЬ;Экспорт (Северо-Запад);False;0
341;22530_2070;22530;2070;ПШЕНИЦА;Экспорт (Северо-Запад);False;0
345;65230_4850;65230;4850;ПШЕНИЦА;Внутр. перевозки (Северо-Запад);False;0
346;52830_53310;52830;53310;ПШЕНИЦА;Экспорт (Юг);False;0
348;22530_52270;22530;52270;ПШЕНИЦА;Внутр. перевозки (Юг);False;0
349;63300_61440;63300;61440;ЯЧМЕНЬ;Внутр. перевозки (Юг);False;0
350;65270_61440;65270;61440;ЯЧМЕНЬ;Внутр. перевозки (Юг);False;0
352;95530_98020;95530;98020;ЯЧМЕНЬ;Экспорт (Восток);False;0
358;92450_18360;92450;18360;АЛЮМИНИЙ СПЛАВ;Внутр. перевозки (Северо-Запад);False;0
363;93290_18360;93290;18360;АЛЮМИНИЙ СПЛАВ;Внутр. перевозки (Северо-Запад);False;0
375;2780_81750;2780;81750;ОКАТЫШИ Ж/РУД;Внутр. перевозки (Юг);False;0
378;2780_81750;2780;81750;ОКАТЫШИ Ж/РУД;Внутр. перевозки (Юг);False;0
383;94470_86420;94470;86420;КОНЦЕНТРАТ ЖЛРУ;Внутр. перевозки (Юг);False;0
401;81410_94700;81410;94700;КОНЦЕНТР ЦИНКОВ;Экспорт (Восток);False;0
422;43840_7600;43840;7600;БРИКЕТЫ ЖЕЛЕЗ;Экспорт (Северо-Запад);False;0
426;80830_81650;80830;81650;П/ЦЕМЕНТ СТР;Экспорт (Юг);False;0
435;3380_53470;3380;53470;ПЛИТЫ ЖЕЛЕЗБЕТ;Внутр. перевозки (Юг);False;0
437;3380_61280;3380;61280;ПЛИТЫ ЖЕЛЕЗБЕТ;Внутр. перевозки (Юг);False;0
444;2380_18180;2380;18180;ЩЕБЕНЬ ПР;Внутр. перевозки (Северо-Запад);False;0
471;19330_4720;19330;4720;КОКС ПР;Внутр. перевозки (Северо-Запад);False;0
501;81760_2010;81760;2010;МЕЛОЧЬ КОКСОВ;Экспорт (Северо-Запад);False;0
509;19330_51330;19330;51330;МЕЛОЧЬ КОКСОВ;Внутр. перевозки (Юг);False;0
514;30260_2010;30260;2010;МЕЛОЧЬ КОКСОВ;Экспорт (Северо-Запад);False;0
518;29610_52780;29610;52780;ПИЛМАТ ПР;Экспорт (Юг);False;0
540;27350_3560;27350;3560;ФАНЕРА КЛЕЕНАЯ;Экспорт (Северо-Запад);False;0
